{"cameraMode":{"drawMode":0,"name":"Shaded","section":"Shading Mode"},"sceneLighting":false,"audioPlay":false,"sceneViewState":{"m_AlwaysRefresh":false,"showFog":true,"showSkybox":false,"showFlares":true,"showImageEffects":true,"showParticleSystems":true,"showVisualEffectGraphs":true,"m_FxEnabled":true},"in2DMode":false,"pivot":{"x":9.495003700256348,"y":0.6499999761581421,"z":-37.54999923706055},"rotation":{"x":0.0006471393862739205,"y":0.9984434247016907,"z":-0.05428701266646385,"w":0.01931135542690754},"size":2.728696584701538,"orthographic":false}