{"cameraMode":{"drawMode":0,"name":"Shaded","section":"Shading Mode"},"sceneLighting":false,"audioPlay":false,"sceneViewState":{"m_AlwaysRefresh":false,"showFog":true,"showSkybox":false,"showFlares":true,"showImageEffects":true,"showParticleSystems":true,"showVisualEffectGraphs":true,"m_FxEnabled":true},"in2DMode":false,"pivot":{"x":20.616519927978517,"y":-1.3006665706634522,"z":46.230953216552737},"rotation":{"x":-0.1212276741862297,"y":0.010876307263970375,"z":-0.0009555817232467234,"w":-0.9927147626876831},"size":1.409973382949829,"orthographic":false}